timestamp	time	fix	state	rawx	rawy	avgx	avgy	psize	Lrawx	Lrawy	Lavgx	Lavgy	Lpsize	Lpupilx	Lpupily	Rrawx	Rrawy	Ravgx	Ravgy	Rpsize	Rpupilx	Rpupily
MSG	2019-06-15 13:31:47.417	473036755	start_recording
MSG	2019-06-15 13:31:47.418	473036755	image_on
MSG	2019-06-15 13:31:47.418	473036755	advertisment.jpg
2019-06-15 13:31:47.061	473036789	True	7	944.4923	758.2701	932.7164	755.5431	24.7534	840.854	739.626	848.3054	736.2884	23.4354	0.5212	0.2922	1048.1306	776.9142	1048.8488	780.1008	26.0714	0.7312	0.279
2019-06-15 13:31:47.094	473036822	True	7	955.1014	766.4069	934.895	755.9866	24.8779	854.5943	751.944	848.9805	737.9722	23.514	0.5203	0.2921	1055.6086	780.8697	1049.6296	780.1865	26.2418	0.7302	0.2786
2019-06-15 13:31:47.127	473036855	True	7	956.0537	760.7325	932.0889	755.3702	24.64195	846.5145	733.1561	848.7499	737.5326	23.2248	0.5195	0.2923	1065.5929	788.3091	1051.2748	780.9957	26.0591	0.7296	0.2788
2019-06-15 13:31:47.161	473036889	True	7	953.9193	758.3434	933.2067	755.5815	25.235500000000002	849.366	728.2665	848.8138	736.7007	23.7612	0.519	0.2927	1058.4725	788.4203	1052.0316	781.7034	26.7098	0.7291	0.279
2019-06-15 13:31:47.194	473036922	True	7	950.4148	754.9242	934.1505	755.7291	25.37235	855.5792	736.0189	849.4084	736.6426	23.8304	0.5184	0.2927	1045.2504	773.8295	1051.5426	781.0568	26.9143	0.7285	0.2789
2019-06-15 13:31:47.227	473036955	True	7	944.0348	753.5358	936.3423	756.1321	25.14385	841.0697	731.2604	848.7456	736.1998	23.67	0.5177	0.2923	1046.9999	775.811	1051.2443	780.6418	26.6177	0.728	0.2785
2019-06-15 13:31:47.261	473036989	True	7	939.713	760.7683	935.1595	755.8303	25.26955	849.2652	740.8557	848.7874	736.5507	23.8617	0.5171	0.2926	1030.1609	780.681	1049.6512	780.6474	26.6774	0.7273	0.2786
2019-06-15 13:31:47.294	473037022	True	7	943.7294	754.4232	938.1258	756.4354	25.2221	840.461	726.4409	848.1653	735.7913	23.5923	0.5163	0.2928	1046.9978	782.4054	1049.4531	780.7809	26.8519	0.7266	0.279
2019-06-15 13:31:47.327	473037055	True	7	955.6835	757.2609	931.7799	755.0177	26.0214	851.3715	746.9921	848.3777	736.5732	24.7027	0.5154	0.2934	1059.9955	767.5295	1050.2051	779.8305	27.3401	0.7257	0.2792
2019-06-15 13:31:47.360	473037088	True	7	960.6958	763.8477	929.9984	754.5991	25.89315	853.5201	740.8691	848.7263	736.8757	24.5423	0.514	0.2933	1067.8716	786.8262	1051.4525	780.2908	27.244	0.7243	0.2792
2019-06-15 13:31:47.394	473037122	True	7	959.9244	753.8399	928.178	754.1537	26.0244	852.4136	735.282	848.9789	736.7814	24.7452	0.5123	0.2936	1067.4352	772.3978	1052.5905	779.7476	27.3036	0.7224	0.2793
2019-06-15 13:31:47.427	473037155	True	7	954.485	760.4662	929.4362	754.3677	26.16865	851.6032	742.6859	849.1639	737.1791	24.8949	0.5101	0.2936	1057.3667	778.2465	1052.9969	779.62	27.4424	0.7202	0.2791
2019-06-15 13:31:47.460	473037188	True	7	950.4646	750.2108	928.3776	754.0787	26.04065	851.6928	735.933	849.3448	737.1223	24.8221	0.5077	0.2939	1049.2363	764.4886	1052.8522	778.6149	27.2592	0.7177	0.2792
2019-06-15 13:31:47.494	473037222	True	7	954.1733	750.3563	929.887	754.2837	25.2576	853.3208	728.0887	849.6191	736.5717	23.741	0.5051	0.2951	1055.0259	772.6238	1053.0696	778.1686	26.7742	0.7151	0.2801
2019-06-15 13:31:47.527	473037255	True	7	964.6367	749.8672	937.4653	755.7248	25.178150000000002	867.4311	720.9846	850.7543	735.6008	23.6477	0.5024	0.2962	1061.8424	778.7498	1053.6923	778.1241	26.7086	0.7123	0.2809
2019-06-15 13:31:47.560	473037288	True	7	952.3806	763.3011	939.3006	755.9865	25.1237	847.4302	744.8817	850.6297	736.1195	23.7361	0.4994	0.2972	1057.3309	781.7206	1054.01	778.2685	26.5113	0.7094	0.2813
2019-06-15 13:31:47.594	473037322	True	7	960.3464	749.0527	941.2162	756.235	25.1033	853.8989	720.787	850.8909	735.1779	23.6019	0.4966	0.2982	1066.7939	777.3185	1054.876	778.1512	26.6047	0.7067	0.282
2019-06-15 13:31:47.627	473037355	True	7	962.8323	747.4453	948.439	757.4578	24.98895	869.1187	724.89	852.1138	734.3842	23.5656	0.4938	0.2987	1056.5459	770.0005	1055.3129	777.5137	26.4123	0.7037	0.2819
2019-06-15 13:31:47.660	473037388	True	7	1019.3857	668.9787	950.105	757.045	25.8176	900.4451	638.8992	855.0108	728.5516	24.5164	0.4918	0.2976	1138.3264	699.0582	1060.5736	772.7744	27.1188	0.7017	0.2803
2019-06-15 13:31:47.693	473037421	True	7	1016.3398	651.8661	951.7617	756.4091	25.613599999999998	906.7048	619.1716	858.6147	721.7313	24.067	0.4892	0.2979	1125.9749	684.5605	1064.9879	767.1566	27.1602	0.699	0.2802
2019-06-15 13:31:47.727	473037455	True	7	1031.6223	658.1366	956.5621	751.2531	25.21345	926.618	624.5014	863.3284	715.0198	23.7188	0.4868	0.2988	1136.6267	691.7719	1069.9868	761.8179	26.7081	0.6967	0.2806
2019-06-15 13:31:47.760	473037488	True	7	1023.7184	667.5668	961.0842	745.9264	25.27875	920.8627	639.424	867.3691	709.261	23.9169	0.4847	0.2986	1126.5741	695.7097	1074.344	757.1063	26.6406	0.6947	0.2799
2019-06-15 13:31:47.793	473037521	True	7	1021.2285	658.7299	967.004	740.6262	24.84025	914.7287	632.5027	871.0641	703.552	23.4036	0.4828	0.2996	1127.7284	684.9569	1078.399	751.6251	26.2769	0.6928	0.2805
2019-06-15 13:31:47.827	473037555	True	7	1150.8774	684.7401	971.6396	735.0779	23.93465	1063.2002	641.3049	1063.2002	641.3049	22.5345	0.483	0.3015	1238.5546	728.1754	1238.5546	728.1754	25.3348	0.6925	0.2823
2019-06-15 13:31:47.860	473037588	False	7	1448.6033	830.4235	1448.6033	830.4235	24.0322	1388.2888	811.2136	1388.2888	811.2136	22.6521	0.4857	0.303	1508.9177	849.6332	1508.9177	849.6332	25.4123	0.6948	0.2834
2019-06-15 13:31:47.893	473037621	False	7	1453.6997	828.4834	1451.1547	829.4521	23.6848	1387.293	816.9771	1387.7903	814.0991	22.4515	0.4852	0.3028	1520.1064	839.9897	1514.5192	844.8053	24.9181	0.6946	0.2836
2019-06-15 13:31:47.927	473037655	False	7	1445.5977	827.4214	1463.4603	832.2277	23.542650000000002	1380.9017	813.0206	1385.4834	813.743	22.3148	0.485	0.3043	1510.2937	841.8222	1513.1143	843.7986	24.7705	0.6945	0.285
2019-06-15 13:31:47.960	473037688	False	7	1458.554	832.7064	1466.3204	833.0798	23.26065	1403.813	817.1923	1390.0974	814.6153	21.9311	0.4849	0.3039	1513.2948	848.2204	1513.1615	844.9041	24.5902	0.6945	0.2849
2019-06-15 13:31:47.993	473037721	False	7	1456.5979	823.0697	1462.9891	831.9305	23.23995	1387.5105	802.3103	1389.5928	812.1237	21.8252	0.4848	0.3038	1525.6853	843.8291	1515.7062	844.6847	24.6547	0.6945	0.2848
2019-06-15 13:31:48.027	473037755	False	7	1406.1257	874.8459	1460.4116	831.6187	23.3221	1349.1388	856.4262	1349.1388	856.4262	21.9743	0.4841	0.3041	1463.1125	893.2656	1463.1125	893.2656	24.6699	0.6938	0.2856
2019-06-15 13:31:48.060	473037788	False	7	1420.8226	863.8972	1420.8226	863.8972	23.41285	1364.9275	850.149	1364.9275	850.149	22.1201	0.4837	0.3038	1476.7178	877.6455	1476.7178	877.6455	24.7056	0.6934	0.2854
2019-06-15 13:31:48.093	473037821	False	7	1405.9114	871.3522	1413.3573	867.6294	24.0365	1347.3022	853.2885	1356.1036	851.7207	22.7985	0.4827	0.3049	1464.5204	889.4159	1470.6113	883.5382	25.2745	0.6923	0.2864
2019-06-15 13:31:48.126	473037854	False	7	1412.1333	863.2711	1421.6423	869.406	24.2271	1355.7766	844.757	1355.9792	849.3923	22.9042	0.4811	0.3066	1468.4899	881.7853	1469.8909	882.9614	25.55	0.6908	0.2879
2019-06-15 13:31:48.160	473037888	False	7	1414.7065	870.563	1416.4022	867.8568	23.96405	1365.1652	846.3989	1358.2847	848.6304	22.6829	0.479	0.3064	1464.2478	894.7271	1468.457	885.9344	25.2452	0.6885	0.287
2019-06-15 13:31:48.193	473037921	False	7	1407.6665	870.2461	1417.829	868.689	24.22195	1351.1853	853.0945	1356.848	849.5269	22.9113	0.4767	0.308	1464.1476	887.3976	1467.5652	886.2535	25.5326	0.6862	0.2876
2019-06-15 13:31:48.226	473037954	False	7	1423.1309	869.0338	1414.7059	867.8273	24.41575	1367.3599	855.9674	1358.6331	850.6246	23.0429	0.4747	0.3066	1478.9019	882.1001	1469.4775	885.5659	25.7886	0.6843	0.2857
2019-06-15 13:31:48.259	473037987	True	7	1365.3147	1005.2417	1413.88	868.2343	25.74895	1274.3251	947.9179	1346.2018	864.9963	24.8164	0.4716	0.3079	1456.3043	1062.5656	1456.3043	1062.5656	26.6815	0.6821	0.2882
2019-06-15 13:31:48.293	473038021	False	7	0.0	0.0	0.0	0.0	24.735950000000003	0.0	0.0	0.0	0.0	24.8899	0.4675	0.3139	0.0	0.0	0.0	0.0	24.582	0.6775	0.295
2019-06-15 13:31:48.326	473038054	False	7	858.6411	1648.3035	858.6411	1648.3035	25.96495	0.0	0.0	0.0	0.0	25.3449	0.4622	0.3194	858.6411	1648.3035	858.6411	1648.3035	26.585	0.6703	0.2987
MSG	2019-06-15 13:31:50.285	473038054	image_off
2019-06-15 13:31:48.359	473038087	False	7	1523.9133	1628.7268	1414.6564	875.3473	26.262349999999998	1523.9133	1628.7268	1523.9133	1628.7268	24.7725	0.4592	0.3185	0.0	0.0	0.0	0.0	27.7522	0.6665	0.2973
MSG	2019-06-15 13:31:50.332	473038087	stop_recording
MSG	2019-06-15 13:31:50.342	473038087	start_recording
MSG	2019-06-15 13:31:50.343	473038087	image_on
MSG	2019-06-15 13:31:50.343	473038087	bikinishop.jpg
2019-06-15 13:31:48.392	473038120	False	7	1085.5254	1558.5806	1278.9044	1222.3367	27.6721	1305.5127	1544.1707	1305.5127	1544.1707	27.1488	0.4563	0.3211	865.5382	1572.9904	862.0941	1610.5988	28.1954	0.6645	0.3
2019-06-15 13:31:48.426	473038154	False	7	1146.9946	1547.0808	1237.6028	1336.9432	27.8706	1384.8739	1545.0242	1345.2439	1544.598	26.7273	0.4546	0.3195	909.1154	1549.1375	877.8404	1589.9607	29.0139	0.663	0.2976
2019-06-15 13:31:48.459	473038187	False	7	1085.3431	1536.1865	1180.723	1395.7037	28.25	1300.7047	1527.9999	1330.4017	1539.0427	27.1185	0.4528	0.3202	869.9816	1544.373	875.9223	1578.3363	29.3815	0.6616	0.2982
2019-06-15 13:31:48.492	473038220	False	7	1185.9738	1603.5837	1116.166	1434.1388	25.3291	1546.205	1620.5222	1384.8278	1559.5737	24.5488	0.4524	0.3219	825.7425	1586.6453	865.7718	1579.854	26.1094	0.6607	0.2996
2019-06-15 13:31:48.526	473038254	False	7	1152.1987	1590.5959	1405.6051	1567.8225	26.09345	1485.549	1599.6625	1405.6051	1567.8225	25.2697	0.4518	0.3211	818.8486	1581.5294	818.8486	1581.5294	26.9172	0.6604	0.2986
2019-06-15 13:31:48.559	473038287	False	7	0.0	0.0	0.0	0.0	18.8061	0.0	0.0	0.0	0.0	0.0	0.0	0.0	0.0	0.0	0.0	0.0	18.8061	0.6779	0.2999
2019-06-15 13:31:48.592	473038320	False	4	0.0	0.0	0.0	0.0	0.0	0.0	0.0	0.0	0.0	0.0	0.0	0.0	0.0	0.0	0.0	0.0	0.0	0.0	0.0
2019-06-15 13:31:48.626	473038354	False	7	1520.121	-897.2297	1175.5436	1559.0073	17.7012	1520.121	-897.2297	1520.121	-897.2297	17.7012	0.4458	0.3207	0.0	0.0	0.0	0.0	0.0	0.0	0.0
2019-06-15 13:31:48.659	473038387	False	7	1248.8909	1425.4513	1212.264	1492.1442	11.917	1248.8909	1425.4513	1248.8909	1425.4513	11.917	0.4534	0.3071	0.0	0.0	0.0	0.0	0.0	0.0	0.0
2019-06-15 13:31:48.692	473038420	False	7	913.8582	840.1237	1150.5674	1322.7415	25.92505	797.0006	752.6629	1022.6575	1088.6279	26.2424	0.4544	0.2999	1030.7158	927.5844	1030.7158	927.5844	25.6077	0.6649	0.2786
2019-06-15 13:31:48.726	473038454	False	7	779.3896	587.3349	1097.4786	1220.4915	27.8904	779.3896	587.3349	940.8401	920.2491	27.8904	0.455	0.2947	0.0	0.0	0.0	0.0	0.0	0.0	0.0
2019-06-15 13:31:48.759	473038487	False	7	952.4568	652.0018	1070.2356	1139.6949	27.548299999999998	825.5768	640.0418	911.1719	848.5086	26.5235	0.4561	0.2971	1079.3368	663.9619	1055.0574	795.605	28.5731	0.6674	0.2745
2019-06-15 13:31:48.792	473038520	False	7	952.2902	658.8761	978.1592	779.6743	27.5003	831.5316	649.1562	894.3524	806.7565	26.3618	0.4569	0.2928	1073.0488	668.5961	1061.1212	752.8651	28.6388	0.6687	0.271
2019-06-15 13:31:48.825	473038553	False	7	957.7149	660.6451	1066.9635	730.6401	27.606099999999998	831.3591	655.2369	831.3591	655.2369	26.5322	0.4574	0.293	1084.0707	666.0533	1066.9635	730.6401	28.68	0.6696	0.2713
2019-06-15 13:31:48.859	473038587	False	7	950.6177	669.7063	1004.9838	706.1826	27.48345	834.264	645.7972	834.264	645.7972	26.1978	0.4573	0.2953	1066.9713	693.6153	1067.0426	722.7291	28.7691	0.6697	0.2744
2019-06-15 13:31:48.892	473038620	False	7	958.7697	678.2098	949.468	686.9086	27.69995	844.6331	651.6531	839.4551	648.7289	26.6237	0.4563	0.2926	1072.9064	704.7665	1072.9064	704.7665	28.7762	0.6688	0.2715
2019-06-15 13:31:48.925	473038653	False	7	952.2672	672.9714	953.9755	683.4895	27.4981	832.5775	653.7886	837.1617	650.4277	26.3382	0.4541	0.2962	1071.957	692.1542	1071.957	692.1542	28.658	0.6666	0.2745
2019-06-15 13:31:48.959	473038687	False	7	955.9057	636.7212	950.1402	677.2198	26.9876	835.2629	655.0512	836.6805	651.604	26.2793	0.4512	0.2967	1076.5485	618.3912	1074.2556	655.2256	27.6959	0.6636	0.273
2019-06-15 13:31:48.992	473038720	True	7	970.3772	684.2693	971.8849	675.4945	27.381549999999997	853.0382	675.2562	839.9975	656.4219	26.2492	0.4483	0.2945	1087.7162	693.2823	1078.7655	667.9026	28.5139	0.6606	0.2702
2019-06-15 13:31:49.025	473038753	True	7	894.7038	622.2634	985.2875	672.4697	26.00865	776.4069	624.232	829.175	650.9842	24.9927	0.4453	0.2994	1013.0007	620.2949	1062.1976	655.8964	27.0246	0.6573	0.2735
2019-06-15 13:31:49.059	473038787	True	7	781.9471	642.2988	987.2639	670.1038	26.60615	665.5564	623.6517	804.9288	646.9357	25.5861	0.443	0.2973	898.3379	660.9459	1028.8391	656.8506	27.6262	0.6544	0.2709
2019-06-15 13:31:49.092	473038820	True	7	757.0197	632.8414	989.5663	668.6182	25.7119	624.123	596.6529	624.123	596.6529	24.4068	0.4428	0.2988	889.9164	669.03	1004.7938	658.8779	27.017	0.6544	0.2722
2019-06-15 13:31:49.125	473038853	False	7	647.6959	612.6047	647.6959	612.6047	25.5196	647.6959	612.6047	647.6959	612.6047	24.2564	0.4439	0.296	0.0	0.0	0.0	0.0	26.7828	0.6553	0.2689
2019-06-15 13:31:49.158	473038886	False	7	773.9648	632.6055	821.4915	632.9681	25.3888	650.6303	597.0541	649.165	604.8195	23.8152	0.4457	0.2962	897.2994	668.1568	988.3752	660.2276	26.9624	0.6573	0.2696
2019-06-15 13:31:49.192	473038920	False	7	772.6401	623.9855	828.2673	633.8297	25.0696	655.8614	600.2452	651.4091	603.275	23.5432	0.4481	0.293	889.4188	647.7259	974.7662	658.5964	26.596	0.6599	0.2671
2019-06-15 13:31:49.225	473038953	False	7	754.965	588.8904	873.338	641.5905	24.0332	629.5201	532.4879	645.8984	585.4046	22.3917	0.4506	0.2894	880.4099	645.2929	962.8726	657.0093	25.6747	0.6628	0.2653
2019-06-15 13:31:49.258	473038986	False	7	775.9047	614.2815	862.2153	637.7874	24.39255	659.5131	576.1426	648.6378	583.4031	22.7594	0.4537	0.2868	892.2963	652.4203	954.3931	656.469	26.0257	0.6662	0.2636
2019-06-15 13:31:49.292	473039020	False	7	749.052	600.9165	855.0716	635.2108	23.93275	635.3657	561.6978	646.3762	579.5852	22.2691	0.4569	0.2843	862.7384	640.1352	944.3527	654.7983	25.5964	0.6697	0.2624
2019-06-15 13:31:49.325	473039053	True	7	752.9797	596.7186	851.693	633.6838	23.59375	630.4567	551.0969	644.0042	575.2427	22.0004	0.4605	0.2829	875.5027	642.3404	936.9309	653.5649	25.1871	0.674	0.2622
2019-06-15 13:31:49.358	473039086	True	7	745.3925	565.945	844.0284	630.5795	23.27065	636.2245	515.9026	642.938	567.3198	21.7643	0.464	0.2821	854.5604	615.9874	928.6677	650.2002	24.777	0.678	0.2626
2019-06-15 13:31:49.392	473039120	True	7	741.6749	572.9091	840.6343	628.653	23.281100000000002	615.2579	521.3729	639.6243	561.6473	21.6753	0.4666	0.2824	868.0919	624.4454	922.4944	647.9041	24.8869	0.6816	0.2642
2019-06-15 13:31:49.425	473039153	False	7	752.8534	542.0215	640.076	553.9686	23.00345	644.8685	493.2149	640.076	553.9686	21.6765	0.4682	0.284	860.8383	590.8282	860.8383	590.8282	24.3304	0.6838	0.2661
2019-06-15 13:31:49.458	473039186	False	7	755.5021	617.0254	766.5552	617.108	23.058149999999998	631.4629	561.194	639.1343	554.2368	21.4428	0.4682	0.2881	879.5412	672.8569	879.5412	672.8569	24.6735	0.6848	0.2699
2019-06-15 13:31:49.492	473039220	False	7	756.4728	576.2894	759.4254	607.491	23.41365	627.3297	522.5768	637.9459	550.9254	21.6387	0.4675	0.2916	885.6158	630.002	882.5824	651.402	25.1886	0.6848	0.272
2019-06-15 13:31:49.525	473039253	False	7	755.9868	570.642	758.5439	603.1126	23.37305	637.2852	514.2554	637.7731	547.3221	21.9789	0.4668	0.2943	874.6884	627.0285	879.945	643.2067	24.7672	0.6844	0.2733
2019-06-15 13:31:49.558	473039286	False	7	1229.7277	733.7372	815.9568	620.6801	23.7431	1158.1782	706.417	1158.1782	706.417	22.4012	0.4728	0.297	1301.2771	761.0575	986.2123	672.8744	25.085	0.6893	0.275
2019-06-15 13:31:49.591	473039319	False	7	1245.573	754.1744	886.4845	642.3467	23.92495	1161.6093	726.9655	1161.6093	726.9655	22.4363	0.4729	0.2972	1329.5366	781.3833	1056.5685	695.0428	25.4136	0.6903	0.2749
MSG	2019-06-15 13:31:53.29	473039319	image_off
2019-06-15 13:31:49.625	473039353	False	7	1269.3804	760.5039	1177.7582	727.9494	23.77285	1193.8657	728.9308	1177.7582	727.9494	22.3644	0.4741	0.2937	1344.8951	792.077	1344.8951	792.077	25.1813	0.6916	0.2717
MSG	2019-06-15 13:31:53.72	473039353	stop_recording
MSG	2019-06-15 13:31:53.77	473039353	start_recording
MSG	2019-06-15 13:31:53.78	473039353	image_on
MSG	2019-06-15 13:31:53.78	473039353	dio.jpg
2019-06-15 13:31:49.658	473039386	False	7	1269.3055	755.5078	1306.6021	758.0688	23.7117	1179.3873	742.6036	1178.3309	732.8566	22.2412	0.4761	0.2914	1359.2238	768.4119	1359.2238	768.4119	25.1822	0.6939	0.2697
2019-06-15 13:31:49.691	473039419	False	7	1253.4001	754.1744	1280.7947	754.1333	23.804949999999998	1159.5509	737.2062	1173.6165	733.9736	22.4413	0.479	0.2872	1347.2493	771.1425	1353.229	769.7789	25.1686	0.697	0.2667
2019-06-15 13:31:49.725	473039453	False	7	1413.9379	848.2662	1316.7728	769.1506	24.071649999999998	1369.5417	839.4252	1213.3904	755.4093	22.8731	0.484	0.2857	1458.334	857.1071	1388.4027	799.0144	25.2702	0.7019	0.2666
2019-06-15 13:31:49.758	473039486	False	7	1435.147	840.2866	1341.2124	780.1649	24.179000000000002	1383.8773	828.1036	1383.8773	828.1036	22.8581	0.4871	0.2836	1486.4165	852.4697	1413.2513	812.6106	25.4999	0.7058	0.266
2019-06-15 13:31:49.791	473039519	False	7	1431.9504	838.2537	1354.1418	788.6094	24.195549999999997	1382.9252	820.9711	1382.9252	820.9711	22.7229	0.4891	0.2832	1480.9756	855.5361	1427.254	821.4987	25.6682	0.7083	0.2663
2019-06-15 13:31:49.825	473039553	False	7	1430.8149	836.6702	1415.8973	824.719	24.2182	1378.5417	820.9702	1380.7307	820.9707	23.3368	0.4901	0.2838	1483.0883	852.3702	1437.0997	826.9789	25.0996	0.7097	0.2672
2019-06-15 13:31:49.858	473039586	False	7	1439.0747	830.978	1427.6924	827.0155	24.17445	1380.5044	811.5002	1380.6512	817.8004	23.2686	0.4903	0.2852	1497.645	850.4558	1446.4113	830.6824	25.0803	0.7105	0.2685
2019-06-15 13:31:49.891	473039619	False	7	1423.8645	836.3953	1429.4412	828.3502	24.36375	1366.2438	817.2704	1377.0142	817.6547	23.3233	0.4899	0.2865	1481.4854	855.5202	1451.4324	834.1766	25.4042	0.7102	0.2693
2019-06-15 13:31:49.924	473039652	False	7	1439.6658	838.1141	1428.126	828.7244	24.369	1389.1874	822.3161	1379.4615	818.5909	23.51	0.4894	0.2871	1490.1442	853.9121	1456.4387	836.765	25.228	0.7099	0.2692
2019-06-15 13:31:49.958	473039686	False	7	1412.787	841.4368	1435.6765	831.2135	24.672800000000002	1358.4111	831.7756	1375.8716	820.8392	23.6892	0.489	0.2866	1467.1628	851.098	1458.0719	838.5805	25.6564	0.7096	0.2683
2019-06-15 13:31:49.991	473039719	False	7	1407.8232	856.9681	1440.4381	833.3122	24.75675	1353.665	849.0605	1372.5559	825.0284	23.6823	0.4893	0.2861	1461.9814	864.8758	1458.9111	841.4624	25.8312	0.7099	0.2679
2019-06-15 13:31:50.024	473039752	True	7	1403.1008	853.3521	1443.8113	835.1364	24.83745	1342.4357	843.0132	1368.5466	827.4523	23.8316	0.4904	0.2857	1463.7659	863.6909	1459.7706	843.8196	25.8433	0.711	0.2678
2019-06-15 13:31:50.058	473039786	True	7	1403.5608	853.053	1442.7205	836.1206	24.98275	1341.8541	844.1191	1365.2814	829.5142	24.0003	0.4915	0.2845	1465.2675	861.9868	1460.6254	845.7194	25.9652	0.7122	0.2671
2019-06-15 13:31:50.091	473039819	True	7	1394.5436	849.5317	1439.4966	836.6804	25.115000000000002	1339.7905	826.8683	1362.3773	829.3566	23.8775	0.4925	0.2847	1449.2966	872.1952	1460.0442	848.2274	26.3525	0.713	0.2681
2019-06-15 13:31:50.124	473039852	True	7	1409.1901	852.7044	1436.6884	837.2538	25.28915	1354.0879	837.0585	1361.3496	830.2274	24.1962	0.4928	0.2842	1464.2922	868.3503	1460.6619	850.1644	26.3821	0.7134	0.2678
2019-06-15 13:31:50.158	473039886	True	7	1410.3376	856.6359	1435.6055	838.1309	25.400599999999997	1351.3818	850.9927	1360.2245	832.2587	24.453	0.4926	0.2843	1469.2933	862.2792	1461.5712	851.4485	26.3482	0.7133	0.2678
2019-06-15 13:31:50.191	473039919	True	7	1398.7107	840.9412	1433.8395	838.7471	25.2179	1336.5441	823.7759	1357.9618	831.6716	23.9386	0.4922	0.2861	1460.8772	858.1064	1461.7729	852.2994	26.4972	0.7127	0.2696
2019-06-15 13:31:50.224	473039952	True	7	1396.4288	842.696	1432.0256	839.2626	25.28565	1337.7926	829.5522	1356.0623	831.6138	24.1155	0.4916	0.2849	1455.0651	855.8399	1461.5262	852.8991	26.4558	0.712	0.2685
2019-06-15 13:31:50.258	473039986	True	7	1392.9446	839.1672	1430.9945	839.8646	25.289749999999998	1333.9816	810.3636	1354.0665	830.0508	23.892	0.4909	0.2872	1451.9076	867.9707	1461.0526	854.2474	26.6875	0.711	0.2704
2019-06-15 13:31:50.291	473040019	True	7	1080.1787	606.2268	1427.9614	840.0354	24.4941	963.1635	583.6086	963.1635	583.6086	23.2589	0.4868	0.278	1197.1938	628.8451	1197.1938	628.8451	25.7293	0.7062	0.2613
2019-06-15 13:31:50.324	473040052	False	7	1014.9714	554.3071	1014.9714	554.3071	24.38395	900.4195	476.4009	900.4195	476.4009	22.9277	0.4856	0.2769	1129.5233	632.2133	1129.5233	632.2133	25.8402	0.7048	0.2605
2019-06-15 13:31:50.357	473040085	False	7	1016.7327	558.4601	1015.8541	556.3868	24.2802	907.6042	512.2863	904.0165	494.3665	23.368	0.4854	0.2816	1125.8611	604.6339	1127.6899	618.406	25.1924	0.7045	0.2649
2019-06-15 13:31:50.391	473040119	False	7	1013.8485	585.7078	1025.9524	565.6563	24.8248	903.1127	569.9343	903.72	519.6934	23.9652	0.4851	0.2782	1124.5844	601.4812	1126.6472	612.717	25.6844	0.7044	0.2608
2019-06-15 13:31:50.424	473040152	False	7	1012.4696	559.2237	1012.2683	561.3221	23.77585	906.7746	521.8713	904.494	520.3616	22.8728	0.4848	0.2817	1118.1647	596.576	1124.5013	608.6068	24.6789	0.7041	0.265
2019-06-15 13:31:50.457	473040185	False	7	1010.0648	565.673	1014.5714	563.0436	24.721449999999997	894.5853	503.474	902.4892	517.03	23.4225	0.4844	0.2743	1125.5443	627.8719	1124.6953	612.4633	26.0204	0.7039	0.2579
2019-06-15 13:31:50.491	473040219	False	7	1020.6538	548.9376	1014.8766	562.1194	23.5202	911.9644	486.8895	911.9644	486.8895	22.0552	0.4842	0.2844	1129.3433	610.9856	1129.3433	610.9856	24.9852	0.7036	0.2681
2019-06-15 13:31:50.524	473040252	False	7	1011.4891	569.4537	1011.4891	569.4537	23.7624	901.9901	508.7883	901.9901	508.7883	22.2425	0.4841	0.2752	1120.9883	630.1192	1120.9883	630.1192	25.2823	0.7035	0.2589
2019-06-15 13:31:50.557	473040285	False	7	1026.9194	542.6053	1019.2141	556.0125	23.3688	905.457	553.4259	903.7257	531.1356	22.799	0.4839	0.2841	1148.382	531.7847	1134.7025	580.8893	23.9386	0.7035	0.2662
2019-06-15 13:31:50.591	473040319	False	7	1010.7489	581.7574	1039.4147	565.9609	23.857100000000003	890.554	539.661	899.3195	534.0273	22.5121	0.4837	0.2776	1130.9438	623.8538	1133.4677	595.1883	25.2021	0.7033	0.2608
2019-06-15 13:31:50.624	473040352	False	7	1014.476	526.6754	1039.0563	564.5345	22.888849999999998	907.8417	483.2735	901.4545	521.2646	21.6845	0.4835	0.2833	1121.1102	570.0773	1130.3633	588.8471	24.0932	0.7029	0.2666
2019-06-15 13:31:50.657	473040385	False	7	1017.5995	574.2679	1039.0712	564.893	23.64455	914.7382	536.8169	904.1533	524.3758	22.3601	0.4832	0.2781	1120.4608	611.719	1128.3434	593.4476	24.929	0.7027	0.261
2019-06-15 13:31:50.690	473040418	False	7	1001.5648	540.0691	1042.3873	565.8243	22.774	887.883	490.2003	901.4021	518.5341	21.5069	0.4828	0.282	1115.2467	589.9379	1126.085	592.8519	24.0411	0.7024	0.2653
2019-06-15 13:31:50.724	473040452	True	7	1006.9469	552.5011	1040.4377	565.1191	23.3262	894.1435	495.4221	900.3212	515.0494	22.09	0.4827	0.2798	1119.7502	609.5801	1125.105	595.3175	24.5624	0.7023	0.2631
2019-06-15 13:31:50.757	473040485	True	7	1009.9421	558.768	1035.3726	563.3636	23.02105	911.1978	501.6969	901.7193	513.1971	21.601	0.4829	0.2804	1108.6864	615.8391	1122.9095	598.0271	24.4411	0.7023	0.2637
2019-06-15 13:31:50.790	473040518	True	7	1015.6415	551.3917	1034.7096	563.2526	22.711399999999998	916.4506	480.4881	903.4532	509.2297	21.3205	0.4831	0.2808	1114.8324	622.2954	1121.8818	600.9478	24.1023	0.7026	0.2643
2019-06-15 13:31:50.824	473040552	True	7	1015.501	561.2261	1032.354	562.4639	22.706699999999998	912.8433	492.88	904.4932	507.2986	21.3587	0.4834	0.2809	1118.1587	629.5723	1121.3961	604.1304	24.0547	0.703	0.2644
2019-06-15 13:31:50.857	473040585	True	7	1013.1292	543.2025	1028.9131	561.0101	22.53765	903.5923	497.1457	904.4539	506.0992	21.3784	0.4836	0.2811	1122.6659	589.2594	1121.4366	602.8194	23.6969	0.7034	0.2644
2019-06-15 13:31:50.890	473040618	True	7	1012.8021	558.0524	1026.8103	560.1634	22.32645	907.4734	492.7809	904.7761	504.6726	21.0371	0.4838	0.2821	1118.1307	623.3238	1121.0574	604.8273	23.6158	0.7037	0.2659
2019-06-15 13:31:50.924	473040652	True	7	997.1773	558.295	1027.2064	560.5654	22.2732	886.4402	493.8507	903.2308	503.5257	21.0213	0.4838	0.2813	1107.9144	622.7394	1119.8431	606.5316	23.5251	0.7039	0.2653
2019-06-15 13:31:50.957	473040685	True	7	1010.7026	529.3192	1024.4364	559.2469	21.70115	911.7394	476.9905	903.9303	501.1327	20.3633	0.4842	0.2817	1109.6658	581.6478	1118.9106	604.6645	23.039	0.7042	0.2654
2019-06-15 13:31:50.990	473040718	True	7	1015.4136	542.1881	1023.7492	558.8488	21.81915	909.628	479.568	904.3955	499.1899	20.4957	0.4845	0.2811	1121.1992	604.8083	1118.9788	604.7797	23.1426	0.7046	0.2649
2019-06-15 13:31:51.024	473040752	True	7	1012.4139	546.2954	1022.3016	558.0358	21.99725	918.2153	486.4312	905.462	497.9499	20.8212	0.4847	0.2815	1106.6125	606.1597	1117.9559	604.977	23.1733	0.7048	0.2652
2019-06-15 13:31:51.057	473040785	True	7	997.559	548.0539	1022.8162	558.2407	21.9084	888.2811	486.6768	904.2839	496.8463	20.507	0.4845	0.2808	1106.8368	609.4309	1117.0369	605.3856	23.3098	0.7049	0.2647
2019-06-15 13:31:51.090	473040818	True	7	1009.3318	543.2542	1023.0219	558.2599	21.879550000000002	898.8326	477.9268	903.9186	495.2339	20.6534	0.4844	0.2803	1119.8309	608.5815	1117.0979	605.6971	23.1057	0.7049	0.2642
2019-06-15 13:31:51.123	473040851	True	7	1014.1099	535.3108	1021.7955	557.4547	21.439	901.3036	476.5908	903.7409	493.6577	20.2809	0.4844	0.2805	1126.9161	594.0308	1117.6464	604.9948	22.5971	0.7049	0.2643
2019-06-15 13:31:51.157	473040885	True	7	1103.8623	544.2288	1020.8619	556.6105	22.11235	1007.6189	488.8017	910.5771	493.0029	20.9964	0.4855	0.2802	1200.1057	599.6558	1122.9994	604.6916	23.2283	0.7057	0.2639
2019-06-15 13:31:51.190	473040918	True	7	1137.5043	508.033	1020.2314	555.6149	21.317	1032.9301	494.9314	918.7076	492.8081	20.6541	0.4856	0.2807	1242.0785	521.1345	1130.8018	599.3412	21.9799	0.7061	0.2638
2019-06-15 13:31:51.223	473040951	True	7	1131.7228	529.838	1013.9647	551.4124	21.757550000000002	1021.6707	491.1701	925.7567	492.419	20.927	0.4853	0.2811	1241.7749	568.5059	1138.2415	597.2034	22.5881	0.7058	0.2645
MSG	2019-06-15 13:31:56.357	473040951	image_off
2019-06-15 13:31:51.257	473040985	True	7	1148.4744	502.7186	1008.4843	547.3958	21.64285	1039.2722	494.2788	933.582	492.2709	20.8325	0.485	0.2814	1257.6764	511.1584	1146.351	591.6069	22.4532	0.7057	0.2643
MSG	2019-06-15 13:31:56.412	473040985	stop_recording
MSG	2019-06-15 13:31:56.424	473040985	start_recording
MSG	2019-06-15 13:31:56.425	473040985	image_on
MSG	2019-06-15 13:31:56.425	473040985	osdoc.jpg
2019-06-15 13:31:51.290	473041018	True	7	1116.5938	560.6967	1011.0157	547.0786	22.306649999999998	1024.4264	490.8694	940.1716	491.9535	20.7562	0.4845	0.2814	1208.7612	630.524	1151.1514	593.4916	23.8571	0.7049	0.2653
2019-06-15 13:31:51.323	473041051	True	7	1186.1523	561.067	1019.6301	549.5986	22.463	1103.4252	499.0087	1103.4252	499.0087	21.052	0.485	0.2815	1268.8794	623.1253	1159.3395	594.9112	23.874	0.7053	0.2653
2019-06-15 13:31:51.357	473041085	True	7	1185.8025	564.1758	1024.2472	546.8191	22.3539	1096.3878	507.355	1096.3878	507.355	21.0583	0.4846	0.2819	1275.2173	620.9965	1168.1567	595.7837	23.6495	0.7051	0.2654
2019-06-15 13:31:51.390	473041118	True	7	1192.0833	562.512	1029.238	543.9861	22.334600000000002	1108.5302	506.9756	1102.4667	507.1651	20.8949	0.4844	0.2821	1275.6364	618.0483	1176.4567	597.7554	23.7743	0.7049	0.2656
2019-06-15 13:31:51.423	473041151	True	7	1196.1216	569.7837	1033.6736	541.1926	22.29025	1100.5024	518.2537	1101.8196	510.8767	21.1195	0.4841	0.2826	1291.7407	621.3137	1185.7322	598.7189	23.461	0.7048	0.2659
2019-06-15 13:31:51.456	473041184	True	7	1188.9465	554.3871	1040.3138	540.4125	22.51265	1104.3054	500.3256	1102.4517	508.2293	21.1722	0.4839	0.2828	1273.5876	608.4487	1193.7653	599.6236	23.8531	0.7043	0.2661
2019-06-15 13:31:51.490	473041218	True	7	1185.4922	557.42	1047.0012	539.5861	22.21255	1106.9977	506.1182	1103.3828	507.7954	21.0532	0.4835	0.2828	1263.9867	608.7218	1200.9103	600.005	23.3719	0.704	0.266
2019-06-15 13:31:51.523	473041251	False	7	1182.0081	565.1818	1208.676	600.7462	22.3754	1085.0413	520.5827	1100.2684	509.9686	21.262	0.4832	0.283	1278.9749	609.7809	1208.676	600.7462	23.4888	0.7038	0.266
2019-06-15 13:31:51.556	473041284	False	7	1197.9724	513.6229	1099.3569	510.0875	21.57255	1094.2405	510.6613	1099.3569	510.0875	21.0335	0.483	0.2832	1301.7042	516.5845	1217.3815	595.6382	22.1116	0.7039	0.2655
2019-06-15 13:31:51.590	473041318	False	7	1186.7496	562.8098	1127.8323	529.742	22.2442	1095.3921	504.934	1098.8087	509.4304	20.7999	0.4829	0.2831	1278.1072	620.6857	1224.4191	596.7404	23.6885	0.7035	0.2663
2019-06-15 13:31:51.623	473041351	False	7	1193.812	554.6872	1141.8795	538.4687	22.18975	1099.6627	500.6516	1098.874	508.402	20.8227	0.4828	0.2829	1287.9612	608.7228	1231.557	597.0912	23.5568	0.7035	0.266
2019-06-15 13:31:51.656	473041384	False	7	1221.5767	525.3847	1166.7456	552.2734	21.45955	1124.0464	515.7791	1101.5454	509.1783	20.8583	0.4829	0.2835	1319.1068	534.9904	1240.11	592.9695	22.0608	0.7037	0.2658
2019-06-15 13:31:51.690	473041418	False	7	1202.6467	517.1146	1153.7227	543.7561	21.6115	1101.0548	514.3503	1101.5243	509.6925	20.7259	0.4827	0.284	1304.2386	519.879	1247.2939	588.4927	22.4971	0.7035	0.2662
2019-06-15 13:31:51.723	473041451	True	7	1210.2739	529.2306	1159.9678	545.3988	21.6787	1113.6674	497.6451	1102.67	508.593	20.7439	0.4827	0.2834	1306.8804	560.8162	1254.2684	586.0768	22.6135	0.7035	0.2661
2019-06-15 13:31:51.756	473041484	True	7	1198.2742	557.9393	1164.2258	546.233	21.96485	1106.4872	503.43	1103.0515	508.1298	20.7569	0.4826	0.2838	1290.0612	612.4487	1259.923	586.8554	23.1728	0.7033	0.2669
2019-06-15 13:31:51.790	473041518	True	7	1216.5658	524.9043	1177.7643	551.0534	21.4666	1117.2699	527.9794	1104.2749	509.7347	21.1253	0.4826	0.2846	1315.8617	521.8292	1266.6614	582.7712	21.8079	0.7035	0.2666
2019-06-15 13:31:51.823	473041551	True	7	1191.0684	564.4785	1179.8448	550.9641	22.451700000000002	1095.9994	510.4629	1103.7114	509.8138	21.1645	0.4824	0.283	1286.1373	618.494	1271.0361	584.2365	23.7389	0.7033	0.266
2019-06-15 13:31:51.856	473041584	True	7	1037.8453	703.1738	1182.1614	552.1886	22.911299999999997	944.4205	684.3687	944.4205	684.3687	22.0293	0.4804	0.286	1131.2701	721.979	1131.2701	721.979	23.7933	0.7011	0.2686
2019-06-15 13:31:51.889	473041617	False	7	1028.0194	699.8743	1028.0194	699.8743	22.78655	936.9081	691.684	936.9081	691.684	22.0979	0.4803	0.2851	1119.1307	708.0645	1119.1307	708.0645	23.4752	0.7012	0.2675
2019-06-15 13:31:51.923	473041651	False	7	1016.4097	699.632	1022.2072	699.7531	22.70865	921.5177	681.7195	929.2031	686.6954	21.7977	0.4801	0.2854	1111.3016	717.5446	1115.2112	712.8105	23.6196	0.7011	0.268
2019-06-15 13:31:51.956	473041684	False	7	1026.8597	696.2279	1023.9673	699.3467	22.71765	929.937	669.4362	929.4358	680.9095	21.6903	0.4801	0.2853	1123.7826	723.0196	1118.0739	716.2361	23.745	0.7012	0.268
2019-06-15 13:31:51.989	473041717	False	7	1025.0386	706.5812	1017.1204	698.3347	22.745449999999998	931.9432	681.8126	930.0594	681.1089	21.7914	0.48	0.2861	1118.1339	731.3497	1118.095	720.0673	23.6995	0.7011	0.2686
2019-06-15 13:31:52.023	473041751	False	7	1022.7192	710.5648	1020.2285	699.7137	22.9287	927.3971	690.2777	929.5157	682.9498	21.9246	0.4799	0.2859	1118.0414	730.852	1118.089	722.2954	23.9328	0.7011	0.2683
2019-06-15 13:31:52.056	473041784	False	7	1024.8348	694.5842	1020.7438	700.2579	22.52185	925.6148	668.6581	925.6148	668.6581	21.6789	0.4798	0.2869	1124.0548	720.5103	1124.0548	720.5103	23.3648	0.701	0.2694
2019-06-15 13:31:52.089	473041817	False	7	1025.0686	703.6787	1025.0686	703.6787	22.67815	929.0515	681.5382	929.0515	681.5382	21.8099	0.4797	0.2868	1121.0856	725.8192	1121.0856	725.8192	23.5464	0.701	0.2693
2019-06-15 13:31:52.123	473041851	False	7	1024.6335	707.6558	1024.851	705.6698	22.85555	918.6164	681.2432	923.8273	681.3904	22.017	0.4797	0.286	1130.6506	734.0683	1125.8741	729.949	23.6941	0.7011	0.2686
2019-06-15 13:31:52.156	473041884	False	7	1175.3812	745.3082	1061.8868	714.7556	23.2432	1079.2073	732.1823	975.832	698.3928	22.6687	0.4817	0.2873	1271.5552	758.4343	1174.6492	739.4915	23.8177	0.703	0.2698
2019-06-15 13:31:52.189	473041917	False	7	1167.0509	740.0226	1074.1473	717.952	23.19495	1070.4011	720.9586	999.8768	704.1492	22.5067	0.4817	0.2872	1263.7007	759.0867	1197.3024	744.4755	23.8832	0.7031	0.2698
2019-06-15 13:31:52.222	473041950	False	7	1169.4814	736.7479	1082.3694	719.8416	23.2633	1076.0585	707.0388	1015.6431	704.8218	22.3902	0.4818	0.2867	1262.9043	766.457	1210.912	749.0021	24.1364	0.7033	0.2695
2019-06-15 13:31:52.256	473041984	False	7	1176.7747	743.252	1093.1453	722.3268	23.4186	1076.9889	731.4206	1026.4813	709.4342	22.8226	0.4817	0.2873	1276.5604	755.0833	1222.4592	750.1287	24.0146	0.7034	0.2698
2019-06-15 13:31:52.289	473042017	True	7	1174.9266	736.4624	1098.9045	723.5833	23.24415	1078.3558	708.2242	1034.5677	709.3682	22.4233	0.4817	0.2875	1271.4974	764.7006	1230.1135	752.3663	24.065	0.7034	0.2702
2019-06-15 13:31:52.322	473042050	True	7	1171.4132	732.7688	1104.1028	724.5932	23.367600000000003	1079.3068	716.1099	1040.8807	710.3433	22.6521	0.4817	0.2873	1263.5197	749.4277	1234.9294	752.0854	24.0831	0.7034	0.2699
2019-06-15 13:31:52.356	473042084	True	7	1179.298	732.1738	1109.8827	725.6316	23.1342	1095.103	710.1671	1047.7554	710.4185	22.3316	0.4819	0.2875	1263.4929	754.1805	1238.7504	752.4155	23.9368	0.7034	0.2701
2019-06-15 13:31:52.389	473042117	True	7	1169.2544	735.5645	1113.7445	726.2661	23.235950000000003	1071.9209	707.8632	1050.9025	710.2281	22.4376	0.4818	0.2874	1266.5878	763.2656	1242.2045	753.6577	24.0343	0.7035	0.2702
2019-06-15 13:31:52.422	473042150	True	7	1166.485	791.2551	1120.2352	728.0944	23.5364	1073.0983	780.2751	1053.6458	717.2353	23.0307	0.4815	0.2882	1259.8717	802.2351	1244.4287	758.5615	24.0421	0.7033	0.2708
2019-06-15 13:31:52.456	473042184	True	7	1164.7439	784.585	1123.0721	729.4703	23.674500000000002	1082.1683	765.9944	1056.8143	721.9515	23.038	0.4817	0.2882	1247.3195	803.1755	1245.1569	762.8695	24.311	0.7033	0.2709
2019-06-15 13:31:52.489	473042217	True	7	1162.4529	782.5463	1127.0917	731.3096	23.4798	1075.1152	772.4298	1058.9452	726.6362	22.797	0.4817	0.2885	1249.7906	792.6628	1245.9779	765.7263	24.1626	0.7034	0.2711
2019-06-15 13:31:52.522	473042250	True	7	1149.1818	790.0733	1129.7716	733.0856	23.684849999999997	1056.3068	776.2253	1059.2578	731.1037	22.9352	0.4816	0.2884	1242.0568	803.9213	1246.0406	769.1802	24.4345	0.7034	0.2711
2019-06-15 13:31:52.556	473042284	True	7	1154.9409	783.9819	1132.797	735.0336	23.607	1064.5284	774.1516	1060.1401	734.9495	22.8069	0.4817	0.2885	1245.3533	793.8122	1246.3213	771.4865	24.4071	0.7035	0.2711
2019-06-15 13:31:52.589	473042317	True	7	1153.4275	780.9204	1134.8302	736.8449	23.532400000000003	1056.9352	766.3866	1060.3333	737.8469	22.6781	0.4817	0.2885	1249.9199	795.4542	1246.8865	773.6893	24.3867	0.7035	0.2711
2019-06-15 13:31:52.622	473042350	True	7	1145.8599	788.4974	1135.7156	738.5231	23.68855	1050.5172	769.2162	1060.005	740.6845	22.7323	0.4816	0.2884	1241.2025	807.7786	1246.7467	776.58	24.6448	0.7035	0.2712
2019-06-15 13:31:52.655	473042383	True	7	1155.8208	789.2299	1136.6447	740.2697	23.80285	1067.6525	770.6047	1060.8518	743.3771	22.8449	0.4817	0.2885	1243.9893	807.855	1246.7788	779.241	24.7608	0.7035	0.2713
2019-06-15 13:31:52.689	473042417	True	7	1159.9043	779.7604	1137.7938	742.0557	23.8161	1069.0424	760.8246	1061.7007	745.1906	22.9024	0.4817	0.2879	1250.7664	798.6963	1247.2375	781.0771	24.7298	0.7035	0.2708
2019-06-15 13:31:52.722	473042450	True	7	1167.052	774.4879	1138.9578	743.8055	23.652250000000002	1080.6272	750.2544	1063.2274	746.1501	22.6571	0.4816	0.2889	1253.4767	798.7215	1247.8218	782.767	24.6474	0.7035	0.2718
2019-06-15 13:31:52.755	473042483	True	7	1157.4915	785.5863	1141.3395	745.8088	23.89935	1059.3405	777.1348	1063.2705	748.7318	23.2711	0.4813	0.2877	1255.6425	794.0378	1248.4902	784.0222	24.5276	0.7033	0.2703
2019-06-15 13:31:52.789	473042517	True	7	1156.1934	778.2013	1142.5726	747.5748	23.8731	1067.2043	756.7623	1063.7682	749.8542	22.982	0.4811	0.2893	1245.1825	799.6403	1248.4443	785.5217	24.7642	0.703	0.272
2019-06-15 13:31:52.822	473042550	True	7	1159.5952	776.1483	1143.7252	749.293	23.79875	1067.678	752.4314	1064.2389	750.5975	22.9426	0.481	0.2879	1251.5126	799.8652	1248.7668	786.9209	24.6549	0.7029	0.2706
MSG	2019-06-15 13:31:59.853	473042550	image_off
2019-06-15 13:31:52.855	473042583	True	7	1161.8755	750.9205	1146.2035	751.1591	23.3241	1064.8469	710.7267	1064.4862	748.7056	22.1764	0.4808	0.2886	1258.9041	791.1144	1249.5061	787.6803	24.4718	0.7027	0.2716
MSG	2019-06-15 13:31:59.957	473042583	stop_recording
MSG	2019-06-15 13:31:59.965	473042583	start_recording
MSG	2019-06-15 13:31:59.966	473042583	image_on
MSG	2019-06-15 13:31:59.966	473042583	vanunnik.jpg
2019-06-15 13:31:52.889	473042617	True	7	1159.3467	775.5977	1147.1097	752.6607	23.9391	1077.3173	749.3651	1065.4414	749.1243	22.9136	0.4807	0.2879	1241.3762	801.8303	1249.1479	788.9998	24.9646	0.7025	0.2705
2019-06-15 13:31:52.922	473042650	True	7	1048.6262	545.2701	1148.1003	754.4443	22.94845	919.5759	486.4796	919.5759	486.4796	21.7997	0.4794	0.2849	1177.6766	604.0605	1177.6766	604.0605	24.0972	0.701	0.2682
2019-06-15 13:31:52.955	473042683	False	7	1022.0995	506.897	1022.0995	506.897	23.071150000000003	916.4971	450.5117	916.4971	450.5117	22.0177	0.4793	0.2838	1127.7019	563.2822	1127.7019	563.2822	24.1246	0.7004	0.267
2019-06-15 13:31:52.988	473042716	False	7	1020.1906	459.7113	1021.1465	483.2749	22.4093	916.9427	447.4797	916.7202	448.9938	21.7976	0.4793	0.2838	1123.4385	471.943	1125.5675	517.5543	23.021	0.7006	0.2662
2019-06-15 13:31:53.022	473042750	False	7	1032.8174	446.9705	1075.1747	491.9431	22.3414	929.6075	426.8355	921.0347	441.5737	21.9098	0.4794	0.2833	1136.0273	467.1056	1129.0653	500.5891	22.773	0.7008	0.2658
2019-06-15 13:31:53.055	473042783	False	7	1020.3364	492.2098	1056.719	486.2415	22.84845	916.312	432.1092	919.8601	439.1563	21.8875	0.4795	0.2826	1124.3608	552.3104	1127.8894	513.5129	23.8094	0.7011	0.2659
2019-06-15 13:31:53.088	473042816	False	7	1016.2153	510.7706	1054.0551	487.8207	22.879550000000002	900.5578	453.5966	915.9466	442.0502	21.8792	0.4796	0.2844	1131.8729	567.9446	1128.6995	524.5486	23.8799	0.7014	0.2677
2019-06-15 13:31:53.122	473042850	False	7	1028.3273	502.1268	1047.4384	489.1168	22.875700000000002	930.4743	436.0862	930.4743	436.0862	21.729	0.4799	0.2828	1126.1803	568.1674	1126.1803	568.1674	24.0224	0.7017	0.2664
2019-06-15 13:31:53.155	473042883	False	7	1036.6108	466.4594	1036.6108	466.4594	21.87885	916.9066	452.0434	916.9066	452.0434	21.3576	0.48	0.2841	1156.3151	480.8752	1156.3151	480.8752	22.4001	0.7021	0.2668
2019-06-15 13:31:53.188	473042916	False	7	1034.1445	446.5191	1035.376	456.4765	21.961100000000002	924.8722	436.0337	920.8945	444.0284	21.5635	0.4802	0.2828	1143.4169	457.0045	1149.8577	468.9246	22.3587	0.7021	0.2654
2019-06-15 13:31:53.222	473042950	False	7	1029.8159	446.4993	1024.8673	453.8719	21.608	925.1618	439.1777	922.3298	442.391	21.2127	0.4802	0.2831	1134.47	453.8208	1144.6958	463.8484	22.0033	0.7021	0.2657
2019-06-15 13:31:53.255	473042983	False	7	1035.7856	452.672	1029.9825	453.8293	21.629350000000002	926.2538	428.7974	923.33	438.946	21.2103	0.4802	0.2834	1145.3174	476.5467	1144.8248	467.017	22.0484	0.7022	0.2662
2019-06-15 13:31:53.288	473043016	False	7	1030.0621	471.8969	1022.6928	453.0592	22.0816	928.4269	426.9439	924.3792	436.4751	21.1478	0.4802	0.2817	1131.6973	516.8499	1142.1381	477.1284	23.0154	0.7022	0.2648
2019-06-15 13:31:53.322	473043050	False	7	908.8777	536.1978	1024.1001	453.7079	22.13935	792.3477	492.1386	901.8795	445.9212	21.0802	0.4788	0.2841	1025.4076	580.257	1122.1882	494.7975	23.1985	0.7007	0.2674
2019-06-15 13:31:53.355	473043083	True	7	909.808	493.4786	1038.1888	460.6817	21.7172	799.8732	495.2542	886.5986	453.2639	21.3418	0.4789	0.285	1019.7427	491.7031	1106.8197	494.5972	22.0926	0.7009	0.2674
2019-06-15 13:31:53.388	473043116	True	7	908.6431	495.1466	1046.7388	465.8521	21.34705	796.2497	492.6888	874.4071	458.5614	21.1287	0.4788	0.2828	1021.0364	497.6043	1095.2042	495.2069	21.5654	0.7009	0.2653
2019-06-15 13:31:53.421	473043149	True	7	928.4186	516.3524	1052.369	470.1713	21.8568	817.4197	516.1071	867.1797	465.5373	21.4384	0.4788	0.2839	1039.4174	516.5976	1088.11	497.9179	22.2752	0.7008	0.2663
2019-06-15 13:31:53.455	473043183	True	7	932.0709	539.0269	1037.9525	471.498	22.3335	820.4372	484.4639	861.5752	467.8764	21.4621	0.4787	0.2837	1043.7046	593.5898	1082.7523	508.401	23.2049	0.7007	0.2672
2019-06-15 13:31:53.488	473043216	True	7	926.6451	496.8959	1029.9043	473.5205	21.7475	821.3476	486.7068	856.9621	470.0598	21.0525	0.4787	0.283	1031.9427	507.0851	1077.0931	508.6696	22.4425	0.7007	0.2658
2019-06-15 13:31:53.521	473043249	True	7	924.1738	545.4352	1018.858	474.9849	22.6953	814.8222	493.4603	852.4171	472.5492	21.5462	0.4787	0.2837	1033.5254	597.41	1072.3955	517.2213	23.8444	0.7006	0.2672
2019-06-15 13:31:53.555	473043283	True	7	918.0961	538.503	1009.5911	476.6538	22.51755	803.6349	473.6473	847.4982	472.9943	21.4724	0.4786	0.2839	1032.5573	603.3587	1068.2312	525.219	23.5627	0.7006	0.2677
2019-06-15 13:31:53.589	473043317	True	7	915.5317	540.5045	1001.6457	478.5176	22.95055	808.1298	489.1483	843.532	474.6414	21.809	0.4785	0.2829	1022.9337	591.8608	1063.7787	531.3668	24.0921	0.7005	0.2663
2019-06-15 13:31:53.622	473043350	True	7	920.8216	549.6187	994.9501	480.6446	23.0929	802.7944	501.9208	839.5877	477.1039	22.0516	0.4782	0.2837	1038.8488	597.3166	1061.0592	537.2994	24.1342	0.7003	0.267
2019-06-15 13:31:53.656	473043384	True	7	922.9073	545.661	988.6358	482.774	23.30085	803.2523	497.8252	836.0803	479.019	22.2163	0.4781	0.2844	1042.5624	593.4968	1058.9152	542.3763	24.3854	0.7002	0.2676
2019-06-15 13:31:53.689	473043417	True	7	920.3698	540.5222	982.1719	484.7104	23.477899999999998	812.6055	484.9679	833.5858	479.8273	22.1126	0.4781	0.2835	1028.1342	596.0765	1055.9619	547.1807	24.8432	0.7001	0.2669
2019-06-15 13:31:53.722	473043450	True	7	919.912	549.993	977.3301	487.0657	23.6245	804.1556	496.9205	830.7471	481.3793	22.4921	0.4781	0.2837	1035.6683	603.0657	1053.8073	552.0648	24.7569	0.7002	0.267
2019-06-15 13:31:53.755	473043483	True	7	918.6025	547.4088	973.4678	489.6527	23.4465	800.6001	492.9737	827.9192	482.5335	22.3325	0.4782	0.2843	1036.605	601.844	1051.9219	556.4796	24.5605	0.7004	0.2677
2019-06-15 13:31:53.789	473043517	True	7	923.6272	567.701	972.8898	493.309	24.05255	815.3493	547.7446	826.2993	487.1954	23.1119	0.4784	0.2845	1031.905	587.6576	1049.9065	559.6213	24.9932	0.7005	0.2673
2019-06-15 13:31:53.822	473043550	True	7	920.4382	544.964	969.3126	495.8925	23.52885	808.0301	490.4423	824.3728	487.9019	22.6255	0.4784	0.2836	1032.8463	599.4856	1048.1282	563.2654	24.4322	0.7006	0.2671
2019-06-15 13:31:53.855	473043583	True	7	916.3062	547.9753	966.1928	498.5486	23.3507	798.3152	496.7431	822.0037	488.9247	22.1371	0.4783	0.2837	1034.2972	599.2075	1046.5988	566.6221	24.5643	0.7006	0.267
2019-06-15 13:31:53.889	473043617	True	7	921.5672	544.0571	962.994	501.0678	23.65305	808.3519	492.225	820.435	489.5775	22.5766	0.4785	0.2836	1034.7825	595.8892	1045.2391	569.5251	24.7295	0.7007	0.267
2019-06-15 13:31:53.922	473043650	True	7	917.4955	544.8992	960.2797	503.6587	23.6542	800.9678	498.013	818.5603	490.5088	22.5425	0.4785	0.2836	1034.0233	591.7854	1043.9607	571.9546	24.7659	0.7009	0.2669
2019-06-15 13:31:53.955	473043683	True	7	928.2906	548.5825	957.4169	506.0891	23.3525	815.9213	481.5428	817.731	490.3707	21.9635	0.4787	0.2838	1040.66	615.6223	1043.2002	575.6144	24.7415	0.7011	0.2675
2019-06-15 13:31:53.989	473043717	True	7	928.4642	535.1682	954.9865	508.6068	23.0826	808.0755	476.0429	815.3245	490.3191	21.8137	0.4787	0.2836	1048.8529	594.2935	1041.6434	578.9621	24.3515	0.7012	0.2672
2019-06-15 13:31:54.022	473043750	True	7	925.6281	535.4734	951.4357	511.6741	23.3292	802.9175	480.5129	812.7508	490.6262	21.9518	0.4786	0.2836	1048.3386	590.434	1040.4597	582.0829	24.7066	0.7012	0.267
2019-06-15 13:31:54.055	473043783	True	7	922.5598	544.5895	948.1888	514.718	23.404400000000003	807.7622	494.4137	810.7039	491.6116	22.2783	0.4787	0.2835	1037.3573	594.7653	1038.9323	585.1907	24.5305	0.7011	0.2669
2019-06-15 13:31:54.089	473043817	True	7	921.8929	547.9729	944.9233	517.7442	23.363500000000002	802.2483	501.0096	808.5378	493.0164	22.3042	0.4787	0.2836	1041.5375	594.9363	1037.7006	587.7296	24.4228	0.7012	0.2669
2019-06-15 13:31:54.122	473043850	True	7	919.8588	549.4819	942.0184	520.6136	23.340400000000002	792.9551	499.7293	805.998	494.2543	22.2515	0.4788	0.2836	1046.7625	599.2344	1037.1273	589.7825	24.4293	0.7014	0.2671
2019-06-15 13:31:54.155	473043883	True	7	917.3121	545.4307	938.6132	523.1202	23.618000000000002	807.3719	482.2803	806.1865	493.5407	22.1986	0.4791	0.2835	1027.2524	608.5811	1036.8181	591.4442	25.0374	0.7015	0.2672
2019-06-15 13:31:54.188	473043916	True	7	924.1073	546.6598	935.9973	525.6868	23.72555	814.9432	497.9181	806.7229	493.7286	22.7824	0.4793	0.2835	1033.2714	595.4015	1036.9083	593.3166	24.6687	0.7016	0.267
2019-06-15 13:31:54.222	473043950	True	7	926.8632	547.1609	930.5787	526.7418	23.544249999999998	806.9738	492.9126	806.8214	493.6534	22.3248	0.4793	0.283	1046.7526	601.4092	1037.7557	595.2675	24.7637	0.7018	0.2666
2019-06-15 13:31:54.255	473043983	False	7	928.057	540.1185	963.6815	563.2518	23.5701	819.219	478.542	807.3883	492.431	22.1308	0.4793	0.2836	1036.895	601.6951	1037.7532	596.8157	25.0094	0.7017	0.2673
2019-06-15 13:31:54.288	473044016	False	7	926.6569	548.6381	930.8971	548.6923	23.42485	814.4631	492.527	807.6542	492.4751	22.1851	0.4792	0.2847	1038.8507	604.7491	1037.8104	597.4606	24.6646	0.7016	0.2683
2019-06-15 13:31:54.322	473044050	False	7	920.2117	547.5704	908.2955	538.6196	23.660600000000002	809.4653	486.9048	807.6298	492.1464	22.1929	0.4791	0.2832	1030.958	608.236	1037.5371	599.3463	25.1283	0.7014	0.2667
2019-06-15 13:31:54.355	473044083	False	7	920.3262	550.7519	904.7548	537.2184	23.43405	803.3994	491.7695	807.3397	492.026	22.0392	0.479	0.284	1037.2529	609.7343	1037.606	600.0654	24.8289	0.7014	0.2675
2019-06-15 13:31:54.388	473044116	False	7	893.8417	593.5327	909.3604	540.425	23.745800000000003	773.3348	520.811	805.3868	493.903	22.1017	0.4786	0.2845	1014.3486	666.2543	1036.2979	604.097	25.3899	0.701	0.2685
2019-06-15 13:31:54.422	473044150	False	7	895.2125	584.4343	934.8769	553.7474	24.2087	776.9936	540.0381	803.5937	496.7232	22.7956	0.4784	0.2832	1013.4314	628.8304	1035.0426	606.0057	25.6218	0.7009	0.2667
2019-06-15 13:31:54.455	473044183	True	7	901.0981	620.5715	952.0056	563.3263	24.86335	780.6598	588.6328	802.098	502.2986	23.4881	0.4781	0.2847	1021.5364	652.5102	1034.0646	609.2243	26.2386	0.7007	0.2679
2019-06-15 13:31:54.488	473044216	True	7	931.6567	668.3787	944.8533	568.3904	24.4685	815.9957	654.623	802.7322	511.8781	23.5582	0.4782	0.2856	1047.3177	682.1344	1034.6068	614.2197	25.3788	0.7007	0.2685
2019-06-15 13:31:54.522	473044250	True	7	906.36	610.889	926.3315	561.6595	23.647750000000002	784.4432	545.9386	801.3716	515.0255	22.1014	0.478	0.2845	1028.2769	675.8395	1034.204	618.7308	25.1941	0.7005	0.2681
2019-06-15 13:31:54.555	473044283	True	7	914.394	663.7343	926.4801	563.7322	24.37675	807.0798	642.2292	801.5057	523.7041	23.3557	0.4779	0.2849	1021.7082	685.2393	1033.3149	623.6293	25.3978	0.7003	0.2678
2019-06-15 13:31:54.588	473044316	True	7	914.2356	658.0185	924.4141	565.1987	24.271099999999997	798.7438	625.8624	801.2019	531.3285	23.3054	0.4777	0.2818	1029.7274	690.1746	1032.9119	628.7368	25.2368	0.7003	0.2649
2019-06-15 13:31:54.621	473044349	True	7	921.5272	659.3203	923.2534	567.2736	24.62795	814.9748	628.2992	801.7087	538.2676	23.6336	0.4776	0.2778	1028.0797	690.3414	1032.4877	633.9005	25.6223	0.7001	0.2606
2019-06-15 13:31:54.655	473044383	True	7	903.6807	606.483	925.3583	570.6425	23.82965	780.5961	557.5098	800.2747	541.5361	22.5578	0.4773	0.2861	1026.7653	655.4562	1031.9885	636.6544	25.1015	0.6999	0.2692
2019-06-15 13:31:54.688	473044416	True	7	920.1754	667.7014	924.7592	573.1353	24.73845	816.2078	641.9812	801.1238	549.5742	23.8775	0.4775	0.285	1024.1431	693.4216	1031.3329	641.5297	25.5994	0.6999	0.2678
2019-06-15 13:31:54.721	473044449	True	7	913.25	618.7887	924.0016	575.538	24.20665	792.3284	568.3932	800.4257	553.0065	22.7429	0.4774	0.2864	1034.1716	669.1842	1031.297	644.8137	25.6704	0.6999	0.2698
2019-06-15 13:31:54.755	473044483	True	7	924.0181	667.8022	921.528	577.4634	25.03255	795.4178	639.8544	800.0276	560.3984	24.0558	0.4773	0.2815	1052.6184	695.7501	1032.4038	649.5522	26.0093	0.7001	0.2645
2019-06-15 13:31:54.788	473044516	True	7	916.9818	662.7317	921.1938	580.3483	25.2467	803.4322	631.3187	799.9431	567.2091	24.0581	0.4773	0.2809	1030.5314	694.1446	1032.1224	653.6964	26.4353	0.6999	0.2638
2019-06-15 13:31:54.821	473044549	True	7	910.8773	636.8782	923.4509	584.1703	24.694650000000003	789.4279	622.954	799.1494	573.2701	24.0208	0.4772	0.2876	1032.3267	650.8024	1031.8748	655.3148	25.3685	0.6998	0.2702
2019-06-15 13:31:54.855	473044583	True	7	915.4682	666.9529	924.2926	587.6006	25.382849999999998	807.7305	656.7083	799.5416	580.97	24.5839	0.4772	0.2853	1023.2059	677.1975	1031.1213	658.3497	26.1818	0.6998	0.2678
2019-06-15 13:31:54.888	473044616	True	7	911.0609	675.5975	924.0347	590.8052	25.661450000000002	791.8165	642.4459	798.9337	587.3036	24.8317	0.477	0.286	1030.3052	708.749	1030.9625	663.0087	26.4912	0.6997	0.2689
2019-06-15 13:31:54.921	473044649	True	7	916.6371	677.4568	923.7131	594.1072	25.580750000000002	806.7095	649.7731	799.309	593.6661	24.8661	0.477	0.2866	1026.5648	705.1404	1030.5442	667.2342	26.2954	0.6996	0.2694
2019-06-15 13:31:54.954	473044682	True	7	913.3243	685.3635	924.0995	597.7512	25.65305	797.0807	673.7861	799.2305	601.1569	24.9157	0.4769	0.285	1029.568	696.9409	1030.264	670.6948	26.3904	0.6996	0.2676
2019-06-15 13:31:54.988	473044716	True	7	905.2609	669.4796	922.3402	600.8256	25.35465	793.6909	642.4897	798.7684	606.6367	24.456	0.4769	0.2848	1016.831	696.4694	1029.485	673.7986	26.2533	0.6995	0.2676
2019-06-15 13:31:55.021	473044749	True	7	908.4968	633.0529	919.1127	603.4597	24.77365	797.9572	648.4695	798.4892	611.9089	24.5663	0.4769	0.2867	1019.0364	617.6362	1028.764	672.1264	24.981	0.6995	0.2687
2019-06-15 13:31:55.054	473044782	True	7	903.6121	669.1681	920.0314	607.1924	25.40335	780.7377	654.1924	797.3022	617.2364	24.4388	0.4769	0.2858	1026.4863	684.1437	1028.3387	674.1715	26.3679	0.6996	0.2683
2019-06-15 13:31:55.088	473044816	True	7	914.2747	677.2343	919.9318	610.7125	25.54605	800.4717	665.7756	797.1699	623.0796	24.7951	0.4771	0.2866	1028.0776	688.6929	1028.1627	676.308	26.297	0.6997	0.2692
2019-06-15 13:31:55.121	473044849	True	7	914.5555	658.9778	919.2237	614.8804	25.31875	804.186	646.7103	797.356	627.2332	24.6541	0.4771	0.2858	1024.9249	671.2454	1027.791	677.1893	25.9834	0.6998	0.2683
2019-06-15 13:31:55.154	473044882	True	7	911.5493	671.097	919.0059	619.2496	25.3331	795.877	650.8332	797.1298	631.3578	24.7601	0.4771	0.2866	1027.2216	691.3608	1027.6735	679.0817	25.9061	0.6998	0.2693
2019-06-15 13:31:55.188	473044916	True	7	921.4824	681.5259	916.359	623.0449	25.407	801.8287	652.4236	797.3511	635.1771	24.396	0.4771	0.2867	1041.136	710.6282	1028.3232	681.9742	26.418	0.6999	0.2696
2019-06-15 13:31:55.221	473044949	True	7	915.7458	668.2579	914.7592	626.8036	25.34565	794.2046	647.02	797.4858	637.9951	24.4096	0.4771	0.2862	1037.2871	689.4958	1029.0367	682.7744	26.2817	0.6999	0.2689
2019-06-15 13:31:55.254	473044982	True	7	918.6564	674.8599	914.4805	630.2883	25.01745	810.9786	661.3122	798.5432	641.173	24.3479	0.4772	0.2865	1026.3342	688.4075	1029.08	683.9208	25.687	0.6999	0.2692
2019-06-15 13:31:55.287	473045015	True	7	1051.2053	705.5601	913.1935	633.8707	25.279049999999998	956.5729	676.3695	956.5729	676.3695	24.335	0.4791	0.2865	1145.8376	734.7507	1036.1821	687.4633	26.2231	0.7014	0.2696
2019-06-15 13:31:55.321	473045049	False	7	1074.5563	721.6082	973.3418	696.262	25.44545	973.3418	696.262	973.3418	696.262	24.6178	0.4794	0.2866	1175.7708	746.9545	1044.7416	691.3115	26.2731	0.7021	0.2697
2019-06-15 13:31:55.354	473045082	False	7	1079.7489	727.5516	972.6371	700.8541	25.3059	971.9341	705.4344	972.6371	700.8541	24.4663	0.4794	0.2872	1187.5636	749.6688	1187.5636	749.6688	26.1455	0.7021	0.2703
2019-06-15 13:31:55.387	473045115	False	7	1073.459	724.1582	1040.9834	716.3102	25.51515	980.3956	703.7889	975.2331	701.8443	24.6888	0.4793	0.287	1166.5222	744.5276	1166.5222	744.5276	26.3415	0.702	0.27
2019-06-15 13:31:55.421	473045149	False	7	1084.3676	725.5634	1058.8136	719.787	25.226750000000003	985.4855	711.1149	977.8281	704.1921	24.4725	0.4792	0.2871	1183.2496	740.0119	1174.8966	742.2668	25.981	0.7021	0.2699
2019-06-15 13:31:55.454	473045182	False	7	1079.4921	724.4631	1066.3009	721.5209	25.4285	991.1219	698.1941	980.5504	702.9959	24.471	0.4792	0.287	1167.8622	750.7321	1172.556	745.0968	26.386	0.7021	0.2701
MSG	2019-06-15 13:32:05.99	473045182	image_off
MSG	2019-06-15 13:32:05.123	473045182	stop_recording
